{
    "non_interactable_spritestack_objects_data": [
        {
            "position": [
                -30.76441418583756,
                -23.299680243700394
            ],
            "rotation": -40.0,
            "asset_index": 3
        },
        {
            "position": [
                -33.602437864662015,
                -59.875554721282334
            ],
            "rotation": -40.0,
            "asset_index": 5
        },
        {
            "position": [
                -38.82411678733703,
                -15.395391307867953
            ],
            "rotation": -68.0,
            "asset_index": 4
        }
    ],
    "dynamic_spritestack_objects_data": [
        {
            "position": [
                -83.7118938904677,
                -27.15740680702877
            ],
            "rotation": -212.0,
            "asset_index": 55
        }
    ],
    "grass_systems": [],
    "plant_systems": [],
    "particle_systems": [],
    "loadpoints": [
        {
            "position": [
                7.866984988719878,
                -14.05360138633253
            ],
            "level_index": 0,
            "colour": [
                255,
                255,
                0
            ]
        }
    ]
}